{
  "cli": {
    "version": ">= 3.0.0",
    "appVersionSource": "local"
  },
  "build": {
    "development": {
      "developmentClient": true,
      "distribution": "internal",
      "android": {
        "buildType": "apk"
      },
      "env": {
        "EXPO_PUBLIC_SUPABASE_URL": "${SUPABASE_URL}",
        "EXPO_PUBLIC_SUPABASE_ANON_KEY": "${SUPABASE_ANON_KEY}"
      }
    },
    "preview": {
      "distribution": "internal",
      "android": {
        "buildType": "apk"
      },
      "env": {
        "EXPO_PUBLIC_SUPABASE_URL": "${SUPABASE_URL}",
        "EXPO_PUBLIC_SUPABASE_ANON_KEY": "${SUPABASE_ANON_KEY}"
      }
    },
    "production": {
      "env": {
        "EXPO_PUBLIC_SUPABASE_URL": "${SUPABASE_URL}",
        "EXPO_PUBLIC_SUPABASE_ANON_KEY": "${SUPABASE_ANON_KEY}"
      }
    }
  },
  "submit": {
    "production": {}
  }
}
